move net-im/discord-bin net-im/discord
move dev-python/python-recurring-ical-events dev-python/recurring-ical-events
move dev-python/snappy dev-python/python-snappy
move dev-python/pkgcraft-python dev-python/pkgcraft
move dev-python/python-nbxmpp dev-python/nbxmpp
move dev-python/redis-py dev-python/redis
move dev-python/podman-py dev-python/podman
move dev-python/sphinx_rtd_theme dev-python/sphinx-rtd-theme
move dev-python/python-zeroconf dev-python/zeroconf
move dev-python/keystoneauth dev-python/keystoneauth1
move dev-python/jupyter_server_fileid dev-python/jupyter-server-fileid
move dev-python/python-xmlsec dev-python/xmlsec
move dev-python/github3 dev-python/github3-py
move dev-python/python-zstandard dev-python/zstandard
move dev-python/prompt_toolkit dev-python/prompt-toolkit
move sys-apps/uutils sys-apps/uutils-coreutils
move dev-python/myst_parser dev-python/myst-parser
move dev-python/setuptools_scm dev-python/setuptools-scm
move dev-python/netcdf4-python dev-python/netcdf4
move dev-python/jupyterlab_server dev-python/jupyterlab-server
move dev-python/jupyter_server_ydoc dev-python/jupyter-server-ydoc
move app-text/pytextile dev-python/textile
move dev-python/jupyter_server dev-python/jupyter-server
move dev-python/pytest_jupyter dev-python/pytest-jupyter
move dev-python/libsass-python dev-python/libsass
