move dev-python/pysol_cards dev-python/pysol-cards
move sys-kernel/installkernel-gentoo sys-kernel/installkernel
move app-doc/NaturalDocs app-text/NaturalDocs
move app-doc/doxygen app-text/doxygen
move app-doc/halibut app-text/halibut
move app-doc/psmark app-text/psmark
move app-doc/xmltoman app-text/xmltoman
move app-doc/zeal app-text/zeal
move sys-devel/gdb dev-debug/gdb
move sys-devel/gdb-apple dev-debug/gdb-apple
move dev-util/lldb dev-debug/lldb
move dev-util/cgdb dev-debug/cgdb
move dev-util/ninja dev-build/ninja
move dev-util/samurai dev-build/samurai
move sys-devel/make dev-build/make
move sys-devel/bmake dev-build/bmake
move sys-devel/pmake dev-build/pmake
move sys-devel/remake dev-build/remake
move dev-util/valgrind dev-debug/valgrind
move dev-util/meson-format-array dev-build/meson-format-array
move dev-util/meson dev-build/meson
move dev-util/cmake-fedora dev-build/cmake-fedora
move dev-util/ignition-cmake dev-build/ignition-cmake
move dev-util/rocm-cmake dev-build/rocm-cmake
move dev-util/tinycmmc dev-build/tinycmmc
move dev-util/cmake dev-build/cmake
move sys-devel/autoconf-wrapper dev-build/autoconf-wrapper
move sys-devel/autoconf-vanilla dev-build/autoconf-vanilla
move sys-devel/autoconf-dickey dev-build/autoconf-dickey
slotmove dev-build/autoconf-dickey 2.52_p20210509 2.52
move sys-devel/autoconf-archive dev-build/autoconf-archive
move sys-devel/autoconf dev-build/autoconf
move sys-devel/automake-wrapper dev-build/automake-wrapper
move sys-devel/automake-vanilla dev-build/automake-vanilla
move sys-devel/automake dev-build/automake
move sys-devel/slibtool dev-build/slibtool
move sys-devel/libtool dev-build/libtool
move dev-util/mage dev-build/mage
move dev-util/muon dev-build/muon
move dev-util/xfce4-dev-tools dev-build/xfce4-dev-tools
move sys-devel/boost-m4 dev-build/boost-m4
move dev-util/gtk-doc-am dev-build/gtk-doc-am
move dev-util/bazel dev-build/bazel
move dev-util/gn dev-build/gn
move dev-util/gyp dev-build/gyp
move dev-util/netsurf-buildsystem dev-build/netsurf-buildsystem
move dev-util/tup dev-build/tup
move sys-devel/cons dev-build/cons
move dev-util/scons dev-build/scons
move sys-devel/qconf dev-build/qconf
move dev-util/b2 dev-build/b2
move dev-util/kbuild dev-build/kbuild
move dev-util/ald dev-debug/ald
move dev-util/ddd dev-debug/ddd
move dev-util/edb-debugger dev-debug/edb-debugger
move dev-util/kdbg dev-debug/kdbg
move dev-util/pwndbg dev-debug/pwndbg
move dev-util/gef dev-debug/gef
move dev-util/peda dev-debug/peda
move dev-util/apitrace dev-debug/apitrace
move dev-util/bpftrace dev-debug/bpftrace
move dev-util/d-feet dev-debug/d-feet
move dev-util/d-spy dev-debug/d-spy
move dev-util/duma dev-debug/duma
move dev-util/leaktracer dev-debug/leaktracer
move dev-util/ltrace dev-debug/ltrace
move dev-util/strace dev-debug/strace
move dev-util/sysdig dev-debug/sysdig
move dev-util/systemtap dev-debug/systemtap
move dev-util/scap-driver dev-debug/scap-driver
