move dev-python/jupyter_core dev-python/jupyter-core
move dev-python/mkdocs_pymdownx_material_extras dev-python/mkdocs-pymdownx-material-extras
move dev-python/jupyter_client dev-python/jupyter-client
move dev-python/importlib_metadata dev-python/importlib-metadata
move dev-python/python-keyutils dev-python/keyutils
move dev-python/notebook_shim dev-python/notebook-shim
move dev-python/python-mpd dev-python/python-mpd2
move dev-python/sphinx_celery dev-python/sphinx-celery
move dev-python/pretty-yaml dev-python/pyaml
move dev-python/aws-xray-sdk-python dev-python/aws-xray-sdk
move dev-python/python-docs app-doc/python-docs
move dev-python/flit_core dev-python/flit-core
move dev-python/jupyter_console dev-python/jupyter-console
move dev-python/jupyter_events dev-python/jupyter-events
move dev-python/jupyter_kernel_test dev-python/jupyter-kernel-test
move dev-python/jupyter_server_mathjax dev-python/jupyter-server-mathjax
move dev-python/jupyter_packaging dev-python/jupyter-packaging
move dev-python/jupyterlab_pygments dev-python/jupyterlab-pygments
move dev-python/sphinxcontrib-log_cabinet dev-python/sphinxcontrib-log-cabinet
move app-misc/pdfpc app-text/pdfpc
move dev-python/python-email-validator dev-python/email-validator
move dev-python/semantic_version dev-python/semantic-version
move dev-python/prometheus_client dev-python/prometheus-client
move dev-python/docker-py dev-python/docker
move dev-python/python-ctags dev-python/python-ctags3
move dev-python/python-miniupnpc dev-python/miniupnpc
move dev-python/service_identity dev-python/service-identity
move dev-python/readme_renderer dev-python/readme-renderer
move dev-libs/sexp dev-libs/sexpp
move net-proxy/obfs4proxy net-proxy/lyrebird
move dev-java/rat dev-java/apache-rat
