move dev-perl/config-general dev-perl/Config-General
move dev-util/pkgcore-checks dev-util/pkgcheck
slotmove dev-libs/libdbusmenu 3 0
move dev-perl/log-dispatch dev-perl/Log-Dispatch
move dev-libs/extra-cmake-modules kde-frameworks/extra-cmake-modules
slotmove kde-frameworks/extra-cmake-modules 0 5
slotmove =dev-lang/scala-2.9* 0 2.9
slotmove =dev-lang/scala-2.10* 0 2.10
slotmove =dev-lang/scala-2.11* 0 2.11
move dev-perl/Cgi-Simple dev-perl/CGI-Simple
move net-mail/git-mailz dev-vcs/git-mailz
move dev-perl/extutils-depends dev-perl/ExtUtils-Depends
move dev-perl/class-returnvalue dev-perl/Class-ReturnValue
slotmove =dev-ruby/vcr-2.9.3 0 2
move kde-base/amor kde-apps/amor
move kde-base/analitza kde-apps/analitza
move kde-base/ark kde-apps/ark
move kde-base/artikulate kde-apps/artikulate
move kde-base/attica kde-apps/attica
move kde-base/audiocd-kio kde-apps/audiocd-kio
move kde-base/blinken kde-apps/blinken
move kde-base/bomber kde-apps/bomber
move kde-base/bovo kde-apps/bovo
move kde-base/cantor kde-apps/cantor
move kde-base/cervisia kde-apps/cervisia
move kde-base/dolphin kde-apps/dolphin
move kde-base/dolphin-plugins kde-apps/dolphin-plugins
move kde-base/dragon kde-apps/dragon
move kde-base/drkonqi kde-apps/drkonqi
move kde-base/ffmpegthumbs kde-apps/ffmpegthumbs
move kde-base/filelight kde-apps/filelight
move kde-base/granatier kde-apps/granatier
move kde-base/gwenview kde-apps/gwenview
move kde-base/jovie kde-apps/jovie
move kde-base/juk kde-apps/juk
move kde-base/kaccessible kde-apps/kaccessible
move kde-base/kajongg kde-apps/kajongg
move kde-base/kalgebra kde-apps/kalgebra
move kde-base/kalzium kde-apps/kalzium
move kde-base/kamera kde-apps/kamera
move kde-base/kanagram kde-apps/kanagram
move kde-base/kapman kde-apps/kapman
move kde-base/kapptemplate kde-apps/kapptemplate
move kde-base/kate kde-apps/kate
move kde-base/katomic kde-apps/katomic
move kde-base/kblackbox kde-apps/kblackbox
move kde-base/kblocks kde-apps/kblocks
move kde-base/kbounce kde-apps/kbounce
move kde-base/kbreakout kde-apps/kbreakout
move kde-base/kbruch kde-apps/kbruch
move kde-base/kcachegrind kde-apps/kcachegrind
move kde-base/kcalc kde-apps/kcalc
move kde-base/kcharselect kde-apps/kcharselect
move kde-base/kcmshell kde-apps/kcmshell
move kde-base/kcolorchooser kde-apps/kcolorchooser
move kde-base/kcontrol kde-apps/kcontrol
move kde-base/kcron kde-apps/kcron
move kde-base/kde-l10n kde-apps/kde4-l10n
move kde-base/kdeaccessibility-meta kde-apps/kdeaccessibility-meta
move kde-base/kdeadmin-meta kde-apps/kdeadmin-meta
move kde-base/kdeartwork-colorschemes kde-apps/kdeartwork-colorschemes
move kde-base/kdeartwork-desktopthemes kde-apps/kdeartwork-desktopthemes
move kde-base/kdeartwork-emoticons kde-apps/kdeartwork-emoticons
move kde-base/kdeartwork-iconthemes kde-apps/kdeartwork-iconthemes
move kde-base/kdeartwork-kscreensaver kde-apps/kdeartwork-kscreensaver
move kde-base/kdeartwork-meta kde-apps/kdeartwork-meta
move kde-base/kdeartwork-styles kde-apps/kdeartwork-styles
move kde-base/kdeartwork-wallpapers kde-apps/kdeartwork-wallpapers
move kde-base/kdeartwork-weatherwallpapers kde-apps/kdeartwork-weatherwallpapers
move kde-base/kde-base-artwork kde-apps/kde-base-artwork
move kde-base/kdebase-data kde-apps/kdebase-data
move kde-base/kdebase-desktoptheme kde-apps/kdebase-desktoptheme
move kde-base/kdebase-kioslaves kde-apps/kdebase-kioslaves
move kde-base/kdebase-menu-icons kde-apps/kdebase-menu-icons
move kde-base/kdebase-menu kde-apps/kdebase-menu
move kde-base/kdebase-meta kde-apps/kdebase-meta
move kde-base/kdebase-runtime-meta kde-apps/kdebase-runtime-meta
move kde-base/kdebugdialog kde-apps/kdebugdialog
move kde-base/kde-dev-scripts kde-apps/kde-dev-scripts
move kde-base/kde-dev-utils kde-apps/kde-dev-utils
move kde-base/kdeedu-meta kde-apps/kdeedu-meta
move kde-base/kdegames-meta kde-apps/kdegames-meta
move kde-base/kdegraphics-meta kde-apps/kdegraphics-meta
move kde-base/kdegraphics-mobipocket kde-apps/kdegraphics-mobipocket
move kde-base/kdemultimedia-meta kde-apps/kdemultimedia-meta
move kde-base/kdenetwork-filesharing kde-apps/kdenetwork-filesharing
move kde-base/kdenetwork-meta kde-apps/kdenetwork-meta
move kde-base/kdepasswd kde-apps/kdepasswd
move kde-base/kdesdk-kioslaves kde-apps/kdesdk-kioslaves
move kde-base/kdesdk-meta kde-apps/kdesdk-meta
move kde-base/kdesdk-strigi-analyzer kde-apps/kdesdk-strigi-analyzer
move kde-base/kdesu kde-apps/kdesu
move kde-base/kdetoys-meta kde-apps/kdetoys-meta
move kde-base/kdeutils-meta kde-apps/kdeutils-meta
move kde-base/kde-wallpapers kde-apps/kde-wallpapers
move kde-base/kdewebdev-meta kde-apps/kdewebdev-meta
move kde-base/kdf kde-apps/kdf
move kde-base/kdialog kde-apps/kdialog
move kde-base/kdiamond kde-apps/kdiamond
move kde-base/kdontchangethehostname kde-apps/kdontchangethehostname
move kde-base/keditbookmarks kde-apps/keditbookmarks
move kde-base/keditfiletype kde-apps/keditfiletype
move kde-base/kfile kde-apps/kfile
move kde-base/kfilereplace kde-apps/kfilereplace
move kde-base/kfind kde-apps/kfind
move kde-base/kfloppy kde-apps/kfloppy
move kde-base/kfmclient kde-apps/kfmclient
move kde-base/kfourinline kde-apps/kfourinline
move kde-base/kgamma kde-apps/kgamma
move kde-base/kgeography kde-apps/kgeography
move kde-base/kget kde-apps/kget
move kde-base/kglobalaccel kde-apps/kglobalaccel
move kde-base/kgoldrunner kde-apps/kgoldrunner
move kde-base/kgpg kde-apps/kgpg
move kde-base/khangman kde-apps/khangman
move kde-base/kiconfinder kde-apps/kiconfinder
move kde-base/kig kde-apps/kig
move kde-base/kigo kde-apps/kigo
move kde-base/killbots kde-apps/killbots
move kde-base/kimagemapeditor kde-apps/kimagemapeditor
move kde-base/kimgio kde-apps/kimgio
move kde-base/kioclient kde-apps/kioclient
move kde-base/kiriki kde-apps/kiriki
move kde-base/kiten kde-apps/kiten
move kde-base/kjumpingcube kde-apps/kjumpingcube
move kde-base/klettres kde-apps/klettres
move kde-base/klickety kde-apps/klickety
move kde-base/klines kde-apps/klines
move kde-base/klinkstatus kde-apps/klinkstatus
move kde-base/kmag kde-apps/kmag
move kde-base/kmahjongg kde-apps/kmahjongg
move kde-base/kmimetypefinder kde-apps/kmimetypefinder
move kde-base/kmines kde-apps/kmines
move kde-base/kmix kde-apps/kmix
move kde-base/kmousetool kde-apps/kmousetool
move kde-base/kmouth kde-apps/kmouth
move kde-base/kmplot kde-apps/kmplot
move kde-base/knavalbattle kde-apps/knavalbattle
move kde-base/knetattach kde-apps/knetattach
move kde-base/knetwalk kde-apps/knetwalk
move kde-base/knewstuff kde-apps/knewstuff
move kde-base/knotify kde-apps/knotify
move kde-base/kolf kde-apps/kolf
move kde-base/kollision kde-apps/kollision
move kde-base/kolourpaint kde-apps/kolourpaint
move kde-base/kommander kde-apps/kommander
move kde-base/kompare kde-apps/kompare
move kde-base/konq-plugins kde-apps/konq-plugins
move kde-base/konqueror kde-apps/konqueror
move kde-base/konquest kde-apps/konquest
move kde-base/konsole kde-apps/konsole
move kde-base/kopete kde-apps/kopete
move kde-base/kpasswdserver kde-apps/kpasswdserver
move kde-base/kpat kde-apps/kpat
move kde-base/kppp kde-apps/kppp
move kde-base/kqtquickcharts kde-apps/kqtquickcharts
move kde-base/kquitapp kde-apps/kquitapp
move kde-base/krdc kde-apps/krdc
move kde-base/kreadconfig kde-apps/kreadconfig
move kde-base/kremotecontrol kde-apps/kremotecontrol
move kde-base/kreversi kde-apps/kreversi
move kde-base/krfb kde-apps/krfb
move kde-base/kruler kde-apps/kruler
move kde-base/ksaneplugin kde-apps/ksaneplugin
move kde-base/kscd kde-apps/kscd
move kde-base/kshisen kde-apps/kshisen
move kde-base/ksirk kde-apps/ksirk
move kde-base/ksnakeduel kde-apps/ksnakeduel
move kde-base/ksnapshot kde-apps/ksnapshot
move kde-base/kspaceduel kde-apps/kspaceduel
move kde-base/ksquares kde-apps/ksquares
move kde-base/kstars kde-apps/kstars
move kde-base/kstart kde-apps/kstart
move kde-base/ksudoku kde-apps/ksudoku
move kde-base/ksystemlog kde-apps/ksystemlog
move kde-base/kteatime kde-apps/kteatime
move kde-base/ktimer kde-apps/ktimer
move kde-base/ktimezoned kde-apps/ktimezoned
move kde-base/ktouch kde-apps/ktouch
move kde-base/ktraderclient kde-apps/ktraderclient
move kde-base/ktuberling kde-apps/ktuberling
move kde-base/kturtle kde-apps/kturtle
move kde-base/ktux kde-apps/ktux
move kde-base/kubrick kde-apps/kubrick
move kde-base/kuiserver kde-apps/kuiserver
move kde-base/kurifilter-plugins kde-apps/kurifilter-plugins
move kde-base/kuser kde-apps/kuser
move kde-base/kwalletd kde-apps/kwalletd
move kde-base/kwalletmanager kde-apps/kwalletmanager
move kde-base/kwordquiz kde-apps/kwordquiz
move kde-base/kwrite kde-apps/kwrite
move kde-base/libkcddb kde-apps/libkcddb
move kde-base/libkcompactdisc kde-apps/libkcompactdisc
move kde-base/libkdcraw kde-apps/libkdcraw
move kde-base/libkdeedu kde-apps/libkdeedu
move kde-base/libkdegames kde-apps/libkdegames
move kde-base/libkexiv2 kde-apps/libkexiv2
move kde-base/libkipi kde-apps/libkipi
move kde-base/libkmahjongg kde-apps/libkmahjongg
move kde-base/libkomparediff2 kde-apps/libkomparediff2
move kde-base/libkonq kde-apps/libkonq
move kde-base/libksane kde-apps/libksane
move kde-base/lokalize kde-apps/lokalize
move kde-base/lskat kde-apps/lskat
move kde-base/marble kde-apps/marble
move kde-base/mplayerthumbs kde-apps/mplayerthumbs
move kde-base/nepomuk kde-apps/nepomuk
move kde-base/nsplugins kde-apps/nsplugins
move kde-base/okteta kde-apps/okteta
move kde-base/okular kde-apps/okular
move kde-base/oxygen-icons kde-apps/oxygen-icons
move kde-base/pairs kde-apps/pairs
move kde-base/palapeli kde-apps/palapeli
move kde-base/parley kde-apps/parley
move kde-base/phonon-kde kde-apps/phonon-kde
move kde-base/picmi kde-apps/picmi
move kde-base/plasma-apps kde-apps/plasma-apps
move kde-base/plasma-runtime kde-apps/plasma-runtime
move kde-base/poxml kde-apps/poxml
move kde-base/print-manager kde-apps/print-manager
move kde-base/renamedlg-plugins kde-apps/renamedlg-plugins
move kde-base/rocs kde-apps/rocs
move kde-base/solid-runtime kde-apps/solid-runtime
move kde-base/step kde-apps/step
move kde-base/superkaramba kde-apps/superkaramba
move kde-base/svgpart kde-apps/svgpart
move kde-base/sweeper kde-apps/sweeper
move kde-base/thumbnailers kde-apps/thumbnailers
move kde-base/umbrello kde-apps/umbrello
move kde-base/zeroconf-ioslave kde-apps/zeroconf-ioslave
move dev-db/pygresql dev-python/pygresql
slotmove =net-libs/phodav-0.4* 0 1.0
slotmove =net-libs/phodav-2.0* 0 2.0
slotmove =dev-ruby/temple-0.7.5 0 0.7
move perl-core/CGI dev-perl/CGI
move perl-core/Module-Build dev-perl/Module-Build
move perl-core/Module-Pluggable dev-perl/Module-Pluggable
move media-gfx/assimp media-libs/assimp
move kde-plasma/bluez-qt kde-frameworks/bluez-qt
move kde-misc/kcmsystemd kde-misc/systemd-kcm
move dev-java/scala-bin dev-lang/scala-bin
