move app-text/libtextcat app-text/libexttextcat
move dev-texlive/texlive-psutils dev-texlive/texlive-fontutils
move dev-texlive/texlive-langukenglish dev-texlive/texlive-langenglish
move dev-texlive/texlive-langarab dev-texlive/texlive-langarabic
move dev-php5/pecl-ssh2 dev-php/pecl-ssh2
slotmove <app-text/gtkspell-2.90 0 2
slotmove <dev-libs/libnl-2 0 1.1
slotmove >=dev-libs/libnl-2 0 3
move dev-php5/pecl-timezonedb dev-php/pecl-timezonedb
move kde-misc/knetworkmanager kde-misc/networkmanagement
move dev-java/icedtea6-bin dev-java/icedtea-bin
slotmove =dev-java/icedtea-bin-1* 0 6
move app-text/notmuch net-mail/notmuch
move dev-util/gtest dev-cpp/gtest
move net-misc/get-flash-videos media-video/get_flash_videos
move net-voip/telepathy-connection-managers net-im/telepathy-connection-managers
move x11-misc/remind app-misc/remind
move x11-misc/bubblemon x11-plugins/bubblemon
move app-misc/dsgui app-misc/datovka
move dev-php5/pecl-gearman dev-php/pecl-gearman
move dev-php5/ezc-Archive dev-php/ezc-Archive
move dev-php5/ezc-Authentication dev-php/ezc-Authentication
move dev-php5/ezc-AuthenticationDatabaseTiein dev-php/ezc-AuthenticationDatabaseTiein
move dev-php5/ezc-Base dev-php/ezc-Base
move dev-php5/ezc-Cache dev-php/ezc-Cache
move dev-php5/ezc-Configuration dev-php/ezc-Configuration
move dev-php5/ezc-ConsoleTools dev-php/ezc-ConsoleTools
move dev-php5/ezc-Database dev-php/ezc-Database
move dev-php5/ezc-DatabaseSchema dev-php/ezc-DatabaseSchema
move dev-php5/ezc-Debug dev-php/ezc-Debug
move dev-php5/ezc-Document dev-php/ezc-Document
move dev-php5/ezc-EventLog dev-php/ezc-EventLog
move dev-php5/ezc-EventLogDatabaseTiein dev-php/ezc-EventLogDatabaseTiein
move dev-php5/ezc-Execution dev-php/ezc-Execution
move dev-php5/ezc-eZcomponents dev-php/ezc-eZcomponents
move dev-php5/ezc-Feed dev-php/ezc-Feed
move dev-php5/ezc-File dev-php/ezc-File
move dev-php5/ezc-Graph dev-php/ezc-Graph
move dev-php5/ezc-GraphDatabaseTiein dev-php/ezc-GraphDatabaseTiein
move dev-php5/ezc-ImageAnalysis dev-php/ezc-ImageAnalysis
move dev-php5/ezc-ImageConversion dev-php/ezc-ImageConversion
move dev-php5/ezc-Mail dev-php/ezc-Mail
move dev-php5/ezc-MvcAuthenticationTiein dev-php/ezc-MvcAuthenticationTiein
move dev-php5/ezc-MvcFeedTiein dev-php/ezc-MvcFeedTiein
move dev-php5/ezc-MvcMailTiein dev-php/ezc-MvcMailTiein
move dev-php5/ezc-MvcTemplateTiein dev-php/ezc-MvcTemplateTiein
move dev-php5/ezc-MvcTools dev-php/ezc-MvcTools
move dev-php5/ezc-PersistentObject dev-php/ezc-PersistentObject
move dev-php5/ezc-PersistentObjectDatabaseSchemaTiein dev-php/ezc-PersistentObjectDatabaseSchemaTiein
move dev-php5/ezc-PhpGenerator dev-php/ezc-PhpGenerator
move dev-php5/ezc-Search dev-php/ezc-Search
move dev-php5/ezc-SignalSlot dev-php/ezc-SignalSlot
move dev-php5/ezc-SystemInformation dev-php/ezc-SystemInformation
move dev-php5/ezc-Template dev-php/ezc-Template
move dev-php5/ezc-TemplateTranslationTiein dev-php/ezc-TemplateTranslationTiein
move dev-php5/ezc-Translation dev-php/ezc-Translation
move dev-php5/ezc-TranslationCacheTiein dev-php/ezc-TranslationCacheTiein
move dev-php5/ezc-Tree dev-php/ezc-Tree
move dev-php5/ezc-TreeDatabaseTiein dev-php/ezc-TreeDatabaseTiein
move dev-php5/ezc-TreePersistentObjectTiein dev-php/ezc-TreePersistentObjectTiein
move dev-php5/ezc-Url dev-php/ezc-Url
move dev-php5/ezc-UserInput dev-php/ezc-UserInput
move dev-php5/ezc-Webdav dev-php/ezc-Webdav
move dev-php5/ezc-Workflow dev-php/ezc-Workflow
move dev-php5/ezc-WorkflowDatabaseTiein dev-php/ezc-WorkflowDatabaseTiein
move dev-php5/ezc-WorkflowEventLogTiein dev-php/ezc-WorkflowEventLogTiein
move dev-php5/ezc-WorkflowSignalSlotTiein dev-php/ezc-WorkflowSignalSlotTiein
move dev-php5/ffmpeg-php dev-php/ffmpeg-php
move dev-php5/libvirt-php dev-php/libvirt-php
move dev-php5/pecl-bbcode dev-php/pecl-bbcode
move dev-php5/pecl-cairo dev-php/pecl-cairo
move dev-php5/pecl-crack dev-php/pecl-crack
move dev-php5/pecl-dbx dev-php/pecl-dbx
move dev-php5/pecl-dio dev-php/pecl-dio
move dev-php5/pecl-enchant dev-php/pecl-enchant
move dev-php5/pecl-fileinfo dev-php/pecl-fileinfo
move dev-php5/pecl-geoip dev-php/pecl-geoip
move dev-php5/pecl-gnupg dev-php/pecl-gnupg
move dev-php5/pecl-haru dev-php/pecl-haru
move dev-php5/pecl-htscanner dev-php/pecl-htscanner
move dev-php5/pecl-http dev-php/pecl-http
move dev-php5/pecl-idn dev-php/pecl-idn
move dev-php5/pecl-imagick dev-php/pecl-imagick
move dev-php5/pecl-lzf dev-php/pecl-lzf
move dev-php5/pecl-mailparse dev-php/pecl-mailparse
move dev-php5/pecl-mcve dev-php/pecl-mcve
move dev-php5/pecl-memcached dev-php/pecl-memcached
move dev-php5/pecl-mogilefs dev-php/pecl-mogilefs
move dev-php5/pecl-mongo dev-php/pecl-mongo
move dev-php5/pecl-pam dev-php/pecl-pam
move dev-php5/pecl-ps dev-php/pecl-ps
move dev-php5/pecl-radius dev-php/pecl-radius
move dev-php5/pecl-sca_sdo dev-php/pecl-sca_sdo
move dev-php5/pecl-svn dev-php/pecl-svn
move dev-php5/pecl-syck dev-php/pecl-syck
move dev-php5/pecl-translit dev-php/pecl-translit
move dev-php5/pecl-uploadprogress dev-php/pecl-uploadprogress
move dev-php5/pecl-uuid dev-php/pecl-uuid
move dev-php5/pecl-xdiff dev-php/pecl-xdiff
move dev-php5/pecl-yaml dev-php/pecl-yaml
move dev-php5/pecl-yaz dev-php/pecl-yaz
move dev-php5/phpdbg dev-php/phpdbg
move dev-php5/php-gtk dev-php/php-gtk
move dev-php5/propel dev-php/propel
move dev-php5/propel-generator dev-php/propel-generator
move dev-php5/propel-runtime dev-php/propel-runtime
move dev-php5/SabreAMF dev-php/SabreAMF
move dev-php5/Savant3 dev-php/Savant3
move dev-php5/Savant3-Plugin-Form dev-php/Savant3-Plugin-Form
